{
  "project_info": {
    "project_number": "580663363461",
    "firebase_url": "https://kidney-suraksha-default-rtdb.firebaseio.com",
    "project_id": "kidney-suraksha",
    "storage_bucket": "kidney-suraksha.appspot.com"
  },
  "client": [
    {
      "client_info": {
        "mobilesdk_app_id": "1:580663363461:android:b21e824c0f5b7e7ce526ec",
        "android_client_info": {
          "package_name": "com.health.kidneysuraksha"
        }
      },
      "oauth_client": [],
      "api_key": [
        {
          "current_key": "AIzaSyCURGQYDXx1r5OSd6VfsLkEDGGff7tzHO8"
        }
      ],
      "services": {
        "appinvite_service": {
          "other_platform_oauth_client": []
        }
      }
    }
  ],
  "configuration_version": "1"
}